<?xml version="1.0" encoding="UTF-8"?>
<rss version="2.0" xmlns:ror="http://rorweb.com/0.1/" >
<channel>
  <title>ROR Sitemap for https://fercanepari.github.io/JupyterNotebookFastPages/</title>
  <link>https://fercanepari.github.io/JupyterNotebookFastPages/</link>

<item>
     <link>https://fercanepari.github.io/JupyterNotebookFastPages/</link>
     <title>Python, AI, data science Blog | Blog dedicated to AI, DeepLearning, Python, finances and algorithmic trading</title>
     <description>Blog dedicated to AI, DeepLearning, Python, finances and algorithmic trading</description>
     <ror:updatePeriod></ror:updatePeriod>
     <ror:sortOrder>0</ror:sortOrder>
     <ror:resourceOf>sitemap</ror:resourceOf>
</item>
<item>
     <link>https://fercanepari.github.io/JupyterNotebookFastPages/about/</link>
     <title>About Me | Python, AI, data science Blog</title>
     <description>Blog dedicated to AI, DeepLearning, Python, finances and algorithmic trading</description>
     <ror:updatePeriod></ror:updatePeriod>
     <ror:sortOrder>1</ror:sortOrder>
     <ror:resourceOf>sitemap</ror:resourceOf>
</item>
<item>
     <link>https://fercanepari.github.io/JupyterNotebookFastPages/search/</link>
     <title>Search | Python, AI, data science Blog</title>
     <description>Blog dedicated to AI, DeepLearning, Python, finances and algorithmic trading</description>
     <ror:updatePeriod></ror:updatePeriod>
     <ror:sortOrder>1</ror:sortOrder>
     <ror:resourceOf>sitemap</ror:resourceOf>
</item>
<item>
     <link>https://fercanepari.github.io/JupyterNotebookFastPages/categories/</link>
     <title>Tags | Python, AI, data science Blog</title>
     <description>Blog dedicated to AI, DeepLearning, Python, finances and algorithmic trading</description>
     <ror:updatePeriod></ror:updatePeriod>
     <ror:sortOrder>1</ror:sortOrder>
     <ror:resourceOf>sitemap</ror:resourceOf>
</item>
<item>
     <link>https://fercanepari.github.io/JupyterNotebookFastPages/fastpages/jupyter/finances/tkinter/candlestick/2021/07/13/StockVisualizer.html</link>
     <title>Stock Visualizer | Python, AI, data science Blog</title>
     <description>Visualize stocks with candlestick charts.</description>
     <ror:updatePeriod></ror:updatePeriod>
     <ror:sortOrder>1</ror:sortOrder>
     <ror:resourceOf>sitemap</ror:resourceOf>
</item>
<item>
     <link>https://fercanepari.github.io/JupyterNotebookFastPages/fastpages/jupyter/2021/07/07/Optimizers.html</link>
     <title>Optimizers | Python, AI, data science Blog</title>
     <description>Optimizers in python</description>
     <ror:updatePeriod></ror:updatePeriod>
     <ror:sortOrder>1</ror:sortOrder>
     <ror:resourceOf>sitemap</ror:resourceOf>
</item>
<item>
     <link>https://fercanepari.github.io/JupyterNotebookFastPages/fastpages/jupyter/2021/07/04/SharpeRatio.html</link>
     <title>Use Python to calculate the Sharpe ratio for a portfolio | Python, AI, data science Blog</title>
     <description>Example to calculate Sharpe Ratio</description>
     <ror:updatePeriod></ror:updatePeriod>
     <ror:sortOrder>1</ror:sortOrder>
     <ror:resourceOf>sitemap</ror:resourceOf>
</item>
<item>
     <link>https://fercanepari.github.io/JupyterNotebookFastPages/fastpages/jupyter/2021/07/01/SlicingDataFrames.html</link>
     <title>Slicing DataFrames | Python, AI, data science Blog</title>
     <description>Slicing examples</description>
     <ror:updatePeriod></ror:updatePeriod>
     <ror:sortOrder>1</ror:sortOrder>
     <ror:resourceOf>sitemap</ror:resourceOf>
</item>
<item>
     <link>https://fercanepari.github.io/JupyterNotebookFastPages/fastpages/jupyter/2021/06/28/PlotExponentialFunction.html</link>
     <title>Exponential Function | Python, AI, data science Blog</title>
     <description>Plot exponential function</description>
     <ror:updatePeriod></ror:updatePeriod>
     <ror:sortOrder>1</ror:sortOrder>
     <ror:resourceOf>sitemap</ror:resourceOf>
</item>
<item>
     <link>https://fercanepari.github.io/JupyterNotebookFastPages/fastpages/jupyter/2021/06/25/RollingMeanBollingerBands.html</link>
     <title>Rolling Statistics | Python, AI, data science Blog</title>
     <description>Rolling mean and Bollinger bands</description>
     <ror:updatePeriod></ror:updatePeriod>
     <ror:sortOrder>1</ror:sortOrder>
     <ror:resourceOf>sitemap</ror:resourceOf>
</item>
<item>
     <link>https://fercanepari.github.io/JupyterNotebookFastPages/fastpages/jupyter/2021/06/25/TeachableMachine.html</link>
     <title>Teachable machine | Python, AI, data science Blog</title>
     <description>https://teachablemachine.withgoogle.com/</description>
     <ror:updatePeriod></ror:updatePeriod>
     <ror:sortOrder>1</ror:sortOrder>
     <ror:resourceOf>sitemap</ror:resourceOf>
</item>
<item>
     <link>https://fercanepari.github.io/JupyterNotebookFastPages/fastpages/jupyter/2021/06/24/NormalizeDataAndPlot.html</link>
     <title>Normalize stock data | Python, AI, data science Blog</title>
     <description>Normalize data in order to be able to compare it across different stocks</description>
     <ror:updatePeriod></ror:updatePeriod>
     <ror:sortOrder>1</ror:sortOrder>
     <ror:resourceOf>sitemap</ror:resourceOf>
</item>
<item>
     <link>https://fercanepari.github.io/JupyterNotebookFastPages/fastpages/jupyter/2021/06/24/dailyReturns.html</link>
     <title>Daily Returns | Python, AI, data science Blog</title>
     <description>Calculate daily and cumulative returns</description>
     <ror:updatePeriod></ror:updatePeriod>
     <ror:sortOrder>1</ror:sortOrder>
     <ror:resourceOf>sitemap</ror:resourceOf>
</item>
<item>
     <link>https://fercanepari.github.io/JupyterNotebookFastPages/fastpages/jupyter/2021/06/24/ImportantNotesAndArticles.html</link>
     <title>Important articles | Python, AI, data science Blog</title>
     <description>Different media articles</description>
     <ror:updatePeriod></ror:updatePeriod>
     <ror:sortOrder>1</ror:sortOrder>
     <ror:resourceOf>sitemap</ror:resourceOf>
</item>
<item>
     <link>https://fercanepari.github.io/JupyterNotebookFastPages/jupyter/2020/02/20/test.html</link>
     <title>Fastpages Notebook Blog Post | Python, AI, data science Blog</title>
     <description>A tutorial of fastpages for Jupyter notebooks.</description>
     <ror:updatePeriod></ror:updatePeriod>
     <ror:sortOrder>1</ror:sortOrder>
     <ror:resourceOf>sitemap</ror:resourceOf>
</item>
<item>
     <link>https://fercanepari.github.io/JupyterNotebookFastPages/markdown/2020/01/14/test-markdown-post.html</link>
     <title>An Example Markdown Post | Python, AI, data science Blog</title>
     <description>A minimal example of using markdown with fastpages.</description>
     <ror:updatePeriod></ror:updatePeriod>
     <ror:sortOrder>1</ror:sortOrder>
     <ror:resourceOf>sitemap</ror:resourceOf>
</item>
</channel>
</rss>
  